devanshmishra111,20
tanishq_gupta_c1,20
vaibhavpandey11,20
shubhamamsa,20
trivenk_agarwal1,20
dheeraj_gla_cs19,20
bharat_bulchand1,20
bhavyaupadhyay_1,20
lakhan7535,20
harshit_singh1_1,20
dakshita_thakka2,20
adityaswat007,20
abhinav_sharma_7,20
rohit_vishnani_1,20
ayushkulshresht1,20
chetan_verma_cs1,20
umang_baranwal_1,20
hritikraheja27,20
_181500792,20
priyanshu_cs,20
naman_agarwal_c2,20
kshitij_varshne1,20
raunaq_arora_cs1,20
rohan_kumar_cs19,20
ayush_gupta1_cs2,20
devendra_srivas1,20
sangam_mishra_c1,20
prabuddha_kumar1,20
rishabh_saraswa1,20
ankit_yadav_cs_1,20
tanuj_rawat_cs19,20
ayush_joshi_cs19,20
keshav_goyal_cs1,20
vibhu_karnwal_c1,20
ashish_verma_cs2,20
prashant_singh01,20
priyatarkar2001,20
diksha_agrawal_1,20
akarsh_gangwar_1,20
kunaljain12370,20
janvi_kohli_csd1,20
aryanj9889,20
rishabh_sharm_c1,20
studentia312,20
jitendrasingh141,20
ravi_chaubey_cs1,20
kunal_srivastav,20
sachin_maurya_c1,20
komal_bindal_cs1,20
nikunj_gupta_cs1,20
anurodh_cs19,20
chittra_kumari_1,20
lalit_saini_cs19,20
_181500589,20
surabhi_sharma_2,20
saransh01pathak,20
deepanshu_bhalla,20
mahak_agrawal_c2,20
devvrat_sharma_1,20
krishna_ballabh1,20
mayank_shrivast1,20
khushboo_agrawa3,20
ayushjaiswal3458,20
kumarsanskar27,20
greeshma_gupta_1,20
sagargoyal,20
Karan_mishra_cs1,20
aman_johri_cs19,20
shrishti_singh_1,20
ankit_pal_cs19,20
Pratham_kumar_cs,20
pranay_sharma_c1,20
nikhil_gaur_cs19,20
prashant_sahu_c1,20
astha_chauhan_c1,20
Aman_Akr,20
kangan_agrawal_1,20
mukul_agarawal_1,20
pragya_sharma2_1,20
gaurav_yadav1_c1,20
ansh_saxena_cs11,20
vasundhara_tiwa1,20
hritik_bhardwaj2,20
sanidhya_varshn1,20
arpit_verma_cs19,20
ritikbhushanyad1,20
anshika_gupta_c3,20
saksham_gupta_c1,5
ankur_maurya_cs2,0
